uniprot_pos,uniprot_aa,pdb_chain,pdb_modeled_index,pdb_resseq,pdb_icode,pdb_aa,match,is_mature,idx_mature,epitope_label
1,M,E,1,29, ,A,0,FALSE,,
2,A,E,2,30, ,A,1,FALSE,,
3,K,,,,,,,FALSE,,
4,L,,,,,,,FALSE,,
5,T,,,,,,,FALSE,,
6,I,,,,,,,FALSE,,
7,L,,,,,,,FALSE,,
8,V,,,,,,,FALSE,,
9,A,,,,,,,FALSE,,
10,L,,,,,,,FALSE,,
11,A,,,,,,,FALSE,,
12,L,,,,,,,FALSE,,
13,F,,,,,,,FALSE,,
14,L,,,,,,,FALSE,,
15,L,,,,,,,FALSE,,
16,A,,,,,,,FALSE,,
17,A,,,,,,,FALSE,,
18,H,,,,,,,FALSE,,
19,A,,,,,,,FALSE,,
20,S,,,,,,,FALSE,,
21,A,,,,,,,FALSE,,
22,R,,,,,,,TRUE,1,0
23,Q,,,,,,,TRUE,2,0
24,Q,,,,,,,TRUE,3,0
25,W,,,,,,,TRUE,4,0
26,E,,,,,,,TRUE,5,0
27,L,,,,,,,TRUE,6,0
28,Q,,,,,,,TRUE,7,0
29,G,,,,,,,TRUE,8,0
30,D,,,,,,,TRUE,9,0
31,R,E,3,31, ,R,1,TRUE,10,0
32,R,E,4,32, ,R,1,TRUE,11,0
33,C,E,5,33, ,C,1,TRUE,12,0
34,Q,E,6,34, ,Q,1,TRUE,13,1
35,S,E,7,35, ,S,1,TRUE,14,1
36,Q,E,8,36, ,Q,1,TRUE,15,0
37,L,E,9,37, ,L,1,TRUE,16,1
38,E,E,10,38, ,E,1,TRUE,17,1
39,R,E,11,39, ,R,1,TRUE,18,1
40,A,E,12,40, ,A,1,TRUE,19,1
41,N,E,13,41, ,N,1,TRUE,20,1
42,L,E,14,42, ,L,1,TRUE,21,1
43,R,E,15,43, ,R,1,TRUE,22,1
44,P,E,16,44, ,P,1,TRUE,23,0
45,C,E,17,45, ,C,1,TRUE,24,0
46,E,E,18,46, ,E,1,TRUE,25,1
47,Q,E,19,47, ,Q,1,TRUE,26,0
48,H,E,20,48, ,H,1,TRUE,27,0
49,L,E,21,49, ,L,1,TRUE,28,0
50,M,E,22,50, ,M,1,TRUE,29,0
51,Q,E,23,51, ,Q,1,TRUE,30,0
52,K,E,24,52, ,K,1,TRUE,31,0
53,I,E,25,53, ,I,1,TRUE,32,0
54,Q,E,26,54, ,Q,1,TRUE,33,0
55,R,E,27,55, ,R,1,TRUE,34,0
56,D,,,,,,,TRUE,35,0
57,E,,,,,,,TRUE,36,0
58,D,,,,,,,TRUE,37,0
59,S,,,,,,,TRUE,38,0
60,Y,,,,,,,TRUE,39,0
61,G,,,,,,,TRUE,40,0
62,R,,,,,,,TRUE,41,0
63,D,,,,,,,TRUE,42,0
64,P,,,,,,,TRUE,43,0
65,Y,,,,,,,TRUE,44,0
66,S,,,,,,,TRUE,45,0
67,P,,,,,,,TRUE,46,0
68,S,,,,,,,TRUE,47,0
69,Q,,,,,,,TRUE,48,0
70,D,,,,,,,TRUE,49,0
71,P,,,,,,,TRUE,50,0
72,Y,,,,,,,TRUE,51,0
73,S,,,,,,,TRUE,52,0
74,P,,,,,,,TRUE,53,0
75,S,,,,,,,TRUE,54,0
76,Q,,,,,,,TRUE,55,0
77,D,,,,,,,TRUE,56,0
78,P,,,,,,,TRUE,57,0
79,D,,,,,,,TRUE,58,0
80,R,,,,,,,TRUE,59,0
81,R,,,,,,,TRUE,60,0
82,D,,,,,,,TRUE,61,1
83,P,,,,,,,TRUE,62,1
84,Y,,,,,,,TRUE,63,1
85,S,,,,,,,TRUE,64,1
86,P,,,,,,,TRUE,65,1
87,S,,,,,,,TRUE,66,1
88,P,,,,,,,TRUE,67,0
89,Y,,,,,,,TRUE,68,0
90,D,,,,,,,TRUE,69,0
91,R,,,,,,,TRUE,70,0
92,R,,,,,,,TRUE,71,0
93,G,,,,,,,TRUE,72,0
94,A,,,,,,,TRUE,73,0
95,G,,,,,,,TRUE,74,0
96,S,,,,,,,TRUE,75,0
97,S,E,28,85, ,S,1,TRUE,76,0
98,Q,E,29,86, ,Q,1,TRUE,77,0
99,H,E,30,87, ,H,1,TRUE,78,0
100,Q,E,31,88, ,Q,1,TRUE,79,0
101,E,E,32,89, ,E,1,TRUE,80,0
102,R,E,33,90, ,R,1,TRUE,81,0
103,C,E,34,91, ,C,1,TRUE,82,0
104,C,E,35,92, ,C,1,TRUE,83,0
105,N,E,36,93, ,N,1,TRUE,84,0
106,E,E,37,94, ,E,1,TRUE,85,0
107,L,E,38,95, ,L,1,TRUE,86,0
108,N,E,39,96, ,N,1,TRUE,87,0
109,E,E,40,97, ,E,1,TRUE,88,0
110,F,E,41,98, ,F,1,TRUE,89,0
111,E,E,42,99, ,E,1,TRUE,90,0
112,N,E,43,100, ,N,1,TRUE,91,1
113,N,E,44,101, ,N,1,TRUE,92,0
114,Q,E,45,102, ,Q,1,TRUE,93,1
115,R,E,46,103, ,R,1,TRUE,94,0
116,C,E,47,104, ,C,1,TRUE,95,0
117,M,E,48,105, ,M,1,TRUE,96,0
118,C,E,49,106, ,C,1,TRUE,97,0
119,E,E,50,107, ,E,1,TRUE,98,0
120,A,E,51,108, ,A,1,TRUE,99,0
121,L,E,52,109, ,L,1,TRUE,100,0
122,Q,E,53,110, ,Q,1,TRUE,101,0
123,Q,E,54,111, ,Q,1,TRUE,102,1
124,I,E,55,112, ,I,1,TRUE,103,1
125,M,E,56,113, ,M,1,TRUE,104,0
126,E,E,57,114, ,E,1,TRUE,105,1
127,N,E,58,115, ,N,1,TRUE,106,1
128,Q,E,59,116, ,Q,1,TRUE,107,0
129,S,E,60,117, ,S,1,TRUE,108,0
130,D,E,61,118, ,D,1,TRUE,109,1
131,R,E,62,119, ,R,1,TRUE,110,1
132,L,E,63,120, ,L,1,TRUE,111,0
133,Q,E,64,121, ,Q,1,TRUE,112,0
134,G,E,65,122, ,G,1,TRUE,113,0
135,R,E,66,123, ,R,1,TRUE,114,0
136,Q,E,67,124, ,Q,1,TRUE,115,0
137,Q,E,68,125, ,Q,1,TRUE,116,0
138,E,E,69,126, ,E,1,TRUE,117,0
139,Q,E,70,127, ,Q,1,TRUE,118,0
140,Q,E,71,128, ,Q,1,TRUE,119,0
141,F,E,72,129, ,F,1,TRUE,120,0
142,K,E,73,130, ,K,1,TRUE,121,0
143,R,E,74,131, ,R,1,TRUE,122,1
144,E,E,75,132, ,E,1,TRUE,123,0
145,L,E,76,133, ,L,1,TRUE,124,0
146,R,E,77,134, ,R,1,TRUE,125,1
147,N,E,78,135, ,N,1,TRUE,126,0
148,L,E,79,136, ,L,1,TRUE,127,0
149,P,E,80,137, ,P,1,TRUE,128,0
150,Q,E,81,138, ,Q,1,TRUE,129,1
151,Q,E,82,139, ,Q,1,TRUE,130,0
152,C,E,83,140, ,C,1,TRUE,131,0
153,G,E,84,141, ,G,1,TRUE,132,0
154,L,E,85,142, ,L,1,TRUE,133,1
155,R,E,86,143, ,R,1,TRUE,134,1
156,A,E,87,144, ,A,1,TRUE,135,1
157,P,E,88,145, ,P,1,TRUE,136,1
158,Q,E,89,146, ,Q,1,TRUE,137,1
159,R,E,90,147, ,R,1,TRUE,138,1
160,C,E,91,148, ,C,1,TRUE,139,1
161,D,E,92,149, ,D,1,TRUE,140,0
162,L,E,93,150, ,L,1,TRUE,141,0
163,E,E,94,151, ,D,0,TRUE,142,0
164,V,E,95,152, ,V,1,TRUE,143,0
165,E,,,,,,,TRUE,144,0
166,S,,,,,,,TRUE,145,0
167,G,,,,,,,TRUE,146,0
168,G,,,,,,,TRUE,147,0
169,R,,,,,,,TRUE,148,0
170,D,,,,,,,TRUE,149,0
171,R,,,,,,,TRUE,150,0
172,Y,,,,,,,TRUE,151,0
